Datetime,Water Level (m)
2025-06-07 06:00:00,-0.24693663
2025-06-07 07:00:00,-0.26497006
2025-06-07 08:00:00,-0.14883928
2025-06-07 09:00:00,0.09716488
2025-06-07 10:00:00,0.38197607
2025-06-07 11:00:00,0.5810397
2025-06-07 12:00:00,0.6754588
2025-06-07 13:00:00,0.64012307
2025-06-07 14:00:00,0.45825973
2025-06-07 15:00:00,0.18021058
2025-06-07 16:00:00,-0.12609476
2025-06-07 17:00:00,-0.39150313
2025-06-07 18:00:00,-0.54059154
2025-06-07 19:00:00,-0.5261675
2025-06-07 20:00:00,-0.33067098
2025-06-07 21:00:00,-0.02135781
2025-06-07 22:00:00,0.3435113
2025-06-07 23:00:00,0.6579238
2025-06-08 00:00:00,0.8417123
2025-06-08 01:00:00,0.9311512
2025-06-08 02:00:00,0.8560992
2025-06-08 03:00:00,0.64425033
2025-06-08 04:00:00,0.3497597
2025-06-08 05:00:00,0.026133593
2025-06-08 06:00:00,-0.2264092
2025-06-08 07:00:00,-0.3511058
2025-06-08 08:00:00,-0.3207674
2025-06-08 09:00:00,-0.108242
2025-06-08 10:00:00,0.17384574
2025-06-08 11:00:00,0.46548507
2025-06-08 12:00:00,0.64508486
2025-06-08 13:00:00,0.70878804
2025-06-08 14:00:00,0.6125957
2025-06-08 15:00:00,0.39853606
2025-06-08 16:00:00,0.08173326
2025-06-08 17:00:00,-0.24973567
2025-06-08 18:00:00,-0.51520836
2025-06-08 19:00:00,-0.6339971
2025-06-08 20:00:00,-0.5350406
2025-06-08 21:00:00,-0.27238256
2025-06-08 22:00:00,0.1263088
2025-06-08 23:00:00,0.5482342
2025-06-09 00:00:00,0.8807027
2025-06-09 01:00:00,1.040022
2025-06-09 02:00:00,1.0109727
2025-06-09 03:00:00,0.8579309
2025-06-09 04:00:00,0.57562304
2025-06-09 05:00:00,0.23453815
2025-06-09 06:00:00,-0.085404694
2025-06-09 07:00:00,-0.33238983
2025-06-09 08:00:00,-0.43229038
2025-06-09 09:00:00,-0.32612643
2025-06-09 10:00:00,-0.06701509
2025-06-09 11:00:00,0.26258323
2025-06-09 12:00:00,0.57438236
2025-06-09 13:00:00,0.7265419
2025-06-09 14:00:00,0.7453333
2025-06-09 15:00:00,0.5637501
2025-06-09 16:00:00,0.2572208
2025-06-09 17:00:00,-0.08386861
2025-06-09 18:00:00,-0.40274343
2025-06-09 19:00:00,-0.6375198
2025-06-09 20:00:00,-0.6676063
2025-06-09 21:00:00,-0.4617756
2025-06-09 22:00:00,-0.15508913
2025-06-09 23:00:00,0.26946175
2025-06-10 00:00:00,0.68837184
2025-06-10 01:00:00,0.9816738
2025-06-10 02:00:00,1.132503
2025-06-10 03:00:00,1.0908455
2025-06-10 04:00:00,0.8417985
2025-06-10 05:00:00,0.4843785
2025-06-10 06:00:00,0.08792458
2025-06-10 07:00:00,-0.25463474
2025-06-10 08:00:00,-0.48011413
2025-06-10 09:00:00,-0.474032
2025-06-10 10:00:00,-0.28110126
2025-06-10 11:00:00,0.035459444
2025-06-10 12:00:00,0.39109835
2025-06-10 13:00:00,0.66638786
2025-06-10 14:00:00,0.7754387
2025-06-10 15:00:00,0.70386857
2025-06-10 16:00:00,0.49071983
2025-06-10 17:00:00,0.15298216
2025-06-10 18:00:00,-0.19030839
2025-06-10 19:00:00,-0.52243775
2025-06-10 20:00:00,-0.7059961
2025-06-10 21:00:00,-0.65586317
2025-06-10 22:00:00,-0.40020692
2025-06-10 23:00:00,0.00672333
2025-06-11 00:00:00,0.47100353
2025-06-11 01:00:00,0.88853556
2025-06-11 02:00:00,1.157291
2025-06-11 03:00:00,1.2151386
2025-06-11 04:00:00,1.072011
2025-06-11 05:00:00,0.74970984
2025-06-11 06:00:00,0.34624943
2025-06-11 07:00:00,-0.059018224
2025-06-11 08:00:00,-0.38392347
2025-06-11 09:00:00,-0.536937
2025-06-11 10:00:00,-0.46384826
2025-06-11 11:00:00,-0.20078075
2025-06-11 12:00:00,0.16102287
2025-06-11 13:00:00,0.5265259
2025-06-11 14:00:00,0.7502992
2025-06-11 15:00:00,0.8131288
2025-06-11 16:00:00,0.67970014
2025-06-11 17:00:00,0.36553448
2025-06-11 18:00:00,0.012653652
2025-06-11 19:00:00,-0.33202544
2025-06-11 20:00:00,-0.6224966
2025-06-11 21:00:00,-0.7363107
2025-06-11 22:00:00,-0.5895043
2025-06-11 23:00:00,-0.23847835
2025-06-12 00:00:00,0.1956345
2025-06-12 01:00:00,0.6801672
2025-06-12 02:00:00,1.0593606
2025-06-12 03:00:00,1.280398
2025-06-12 04:00:00,1.2320759
2025-06-12 05:00:00,0.9917285
2025-06-12 06:00:00,0.60627156
2025-06-12 07:00:00,0.18777122
2025-06-12 08:00:00,-0.20820576
2025-06-12 09:00:00,-0.4741739
2025-06-12 10:00:00,-0.548851
2025-06-12 11:00:00,-0.39009878
2025-06-12 12:00:00,-0.06534451
2025-06-12 13:00:00,0.31628045
2025-06-12 14:00:00,0.6529748
2025-06-12 15:00:00,0.82454854
2025-06-12 16:00:00,0.8285042
2025-06-12 17:00:00,0.61485744
2025-06-12 18:00:00,0.26962477
2025-06-12 19:00:00,-0.102512695
2025-06-12 20:00:00,-0.42725477
2025-06-12 21:00:00,-0.64184153
2025-06-12 22:00:00,-0.65169823
2025-06-12 23:00:00,-0.41225952
2025-06-13 00:00:00,-0.014139978
2025-06-13 01:00:00,0.45565036
2025-06-13 02:00:00,0.9202921
2025-06-13 03:00:00,1.257697
2025-06-13 04:00:00,1.3841758
2025-06-13 05:00:00,1.2838666
2025-06-13 06:00:00,0.94447935
